"variable","mean","sd","rhat","ess_bulk"
"alpha",-2.25831366956,0.0651082741063932,1.01090124906613,559.665312794325
"beta",-0.696529325308,0.0328536527531557,1.01159934415449,545.397257803061
