"variable","mean","sd","rhat","ess_bulk"
"alpha",-2.2181785501,0.0202852764310656,0.999534585072852,975.29623063082
"beta",-0.66366860267,0.0138768770005124,0.999076812451824,1142.42898085281
